{
  "experiment": "killshot_a_multihop",
  "n_atoms": 32,
  "dim": 768,
  "sigmas": [
    0.0,
    0.25,
    0.5,
    0.75,
    1.0
  ],
  "hops": [
    1,
    2,
    4
  ],
  "vsa_bytes": 6144,
  "dict_bytes": 128,
  "survives": false,
  "best_vsa_minus_table_pp": 0.390625,
  "results": {
    "vsa": {
      "H1_s0.00": 0.96875,
      "H1_s0.25": 0.77734375,
      "H1_s0.50": 0.3515625,
      "H1_s0.75": 0.1953125,
      "H1_s1.00": 0.15234375,
      "H2_s0.00": 0.9375,
      "H2_s0.25": 0.65234375,
      "H2_s0.50": 0.1640625,
      "H2_s0.75": 0.08203125,
      "H2_s1.00": 0.0703125,
      "H4_s0.00": 0.875,
      "H4_s0.25": 0.34375,
      "H4_s0.50": 0.03125,
      "H4_s0.75": 0.02734375,
      "H4_s1.00": 0.02734375
    },
    "table": {
      "H1_s0.00": 1.0,
      "H1_s0.25": 0.8046875,
      "H1_s0.50": 0.36328125,
      "H1_s0.75": 0.19921875,
      "H1_s1.00": 0.15625,
      "H2_s0.00": 1.0,
      "H2_s0.25": 0.703125,
      "H2_s0.50": 0.16796875,
      "H2_s0.75": 0.078125,
      "H2_s1.00": 0.06640625,
      "H4_s0.00": 1.0,
      "H4_s0.25": 0.38671875,
      "H4_s0.50": 0.03125,
      "H4_s0.75": 0.02734375,
      "H4_s1.00": 0.02734375
    },
    "table_white": {
      "H1_s0.00": 1.0,
      "H1_s0.25": 0.953125,
      "H1_s0.50": 0.51171875,
      "H1_s0.75": 0.296875,
      "H1_s1.00": 0.1875,
      "H2_s0.00": 1.0,
      "H2_s0.25": 0.91015625,
      "H2_s0.50": 0.2578125,
      "H2_s0.75": 0.1171875,
      "H2_s1.00": 0.07421875,
      "H4_s0.00": 1.0,
      "H4_s0.25": 0.82421875,
      "H4_s0.50": 0.0703125,
      "H4_s0.75": 0.03125,
      "H4_s1.00": 0.03125
    },
    "vsa_sigma0_1hop": 0.96875
  }
}