{
  "experiment": "killshot_b_superposition",
  "v_values": 256,
  "budgets": [
    2048,
    8192
  ],
  "k_grid": [
    5,
    10,
    20,
    40,
    80,
    160,
    320
  ],
  "hash_d_choices": [
    1,
    2,
    4,
    8
  ],
  "n_trial": 20,
  "survives": false,
  "best_significant_margin_pp": -990.0,
  "best_raw_margin_pp": 0.7499999999999951,
  "results": {
    "B2048": {
      "Dc": 256,
      "Dp": 512,
      "K": [
        5,
        10,
        20,
        40,
        80,
        160,
        320
      ],
      "vsa_cplx": [
        1.0,
        1.0,
        0.9800000000000001,
        0.78875,
        0.3975,
        0.1609375,
        0.06890625
      ],
      "vsa_cplx_sd": [
        0.0,
        0.0,
        0.029154759474226515,
        0.05560744104883807,
        0.049149008128343746,
        0.024196057917561693,
        0.011374098521970872
      ],
      "vsa_phase": [
        1.0,
        1.0,
        1.0,
        0.9475,
        0.626875,
        0.30625,
        0.12875
      ],
      "vsa_phase_sd": [
        0.0,
        0.0,
        0.0,
        0.03249999999999998,
        0.04580444165143813,
        0.042297310789221575,
        0.01837117307087384
      ],
      "hash": [
        1.0,
        1.0,
        1.0,
        0.9875000000000002,
        0.95375,
        0.9375,
        0.8764062500000002
      ],
      "hash_sd": [
        0.0,
        0.0,
        0.0,
        0.023048861143232204,
        0.025031230493125996,
        0.034629737942987675,
        0.05096217768784513
      ],
      "dict_bytes": [
        25,
        50,
        100,
        200,
        400,
        800,
        1600
      ]
    },
    "B8192": {
      "Dc": 1024,
      "Dp": 2048,
      "K": [
        5,
        10,
        20,
        40,
        80,
        160,
        320
      ],
      "vsa_cplx": [
        1.0,
        1.0,
        1.0,
        1.0,
        0.9818750000000002,
        0.7534375,
        0.39437500000000003
      ],
      "vsa_cplx_sd": [
        0.0,
        0.0,
        0.0,
        0.0,
        0.013961442439805433,
        0.035326324727460695,
        0.027521298570379996
      ],
      "vsa_phase": [
        1.0,
        1.0,
        1.0,
        1.0,
        1.0,
        0.9368749999999999,
        0.62375
      ],
      "vsa_phase_sd": [
        0.0,
        0.0,
        0.0,
        0.0,
        0.0,
        0.017104915229255023,
        0.022972469936861386
      ],
      "hash": [
        1.0,
        1.0,
        1.0,
        0.9974999999999999,
        0.9925,
        0.9843749999999998,
        0.9596874999999999
      ],
      "hash_sd": [
        0.0,
        0.0,
        0.0,
        0.007500000000000008,
        0.00999999999999999,
        0.010915155747858118,
        0.03545050466848109
      ],
      "dict_bytes": [
        25,
        50,
        100,
        200,
        400,
        800,
        1600
      ]
    }
  }
}